id,world,stage,type,word,stem,prompt,answer,choices,hint,correctSentence,imageHint,audioSrc,audioText
1-1-01,1,1,batchim,산,사,높고 큰 땅을 무엇이라고 할까요?,ㄴ,ㄱ | ㄴ | ㄹ,등산할 때 올라가요.,,,,
1-1-02,1,1,batchim,눈,누,겨울에 하늘에서 하얗게 내려요.,ㄴ,ㄴ | ㄹ | ㅁ,눈사람을 만들 수 있어요.,,,,
1-1-03,1,1,batchim,문,무,방에 들어갈 때 열고 닫아요.,ㄴ,ㄱ | ㄴ | ㅁ,손잡이가 있어요.,,,,
1-1-04,1,1,batchim,손,소,연필을 잡을 때 사용하는 몸의 부분은?,ㄴ,ㄴ | ㄹ | ㅇ,손가락이 있어요.,,,,
1-1-05,1,1,batchim,돈,도,물건을 살 때 내는 것은?,ㄴ,ㄴ | ㅁ | ㅇ,동전과 지폐가 있어요.,,,,
1-1-06,1,1,batchim,신,시,발에 신고 다니는 것은?,ㄴ,ㄴ | ㄹ | ㅁ,운동화도 이것의 한 종류예요.,,,,
1-1-07,1,1,batchim,반,바,학교에서 2학년 3__처럼 부르는 말은?,ㄴ,ㄴ | ㅁ | ㅇ,친구들과 함께 공부하는 모둠이에요.,,,,
1-1-08,1,1,batchim,선,서,자를 대고 곧게 그을 수 있어요.,ㄴ,ㄴ | ㄹ | ㅇ,점과 점을 이어 그려요.,,,,
1-1-09,1,1,batchim,연,여,바람을 타고 하늘에 띄우는 종이 장난감은?,ㄴ,ㄱ | ㄴ | ㅁ,줄을 잡고 날려요.,,,,
1-1-10,1,1,batchim,천,처,옷을 만들 때 자르고 꿰매는 재료는?,ㄴ,ㄴ | ㄹ | ㅂ,부드러운 직물이에요.,,,,
1-2-01,1,2,batchim,달,다,밤하늘에 둥글게 떠 있어요.,ㄹ,ㄴ | ㄹ | ㅁ,보름에는 아주 둥글어요.,,,,
1-2-02,1,2,batchim,별,벼,밤하늘에서 반짝반짝 빛나요.,ㄹ,ㄹ | ㅁ | ㅇ,하늘에 아주 많이 보여요.,,,,
1-2-03,1,2,batchim,물,무,목이 마를 때 마셔요.,ㄹ,ㄴ | ㄹ | ㅁ,투명하고 시원해요.,,,,
1-2-04,1,2,batchim,길,기,학교에 갈 때 따라 걷는 곳은?,ㄹ,ㄱ | ㄹ | ㅁ,자동차도 이곳으로 다녀요.,,,,
1-2-05,1,2,batchim,불,부,어두울 때 켜는 __빛의 첫 글자는?,ㄹ,ㄴ | ㄹ | ㅂ,전등을 켜면 밝아져요.,,,,
1-2-06,1,2,batchim,귤,규,겨울에 많이 먹는 주황색 과일은?,ㄹ,ㄹ | ㅁ | ㅇ,껍질을 벗겨 먹어요.,,,,
1-2-07,1,2,batchim,돌,도,길가에서 볼 수 있는 단단한 것은?,ㄹ,ㄴ | ㄹ | ㅁ,바위보다 작은 경우가 많아요.,,,,
1-2-08,1,2,batchim,발,바,신발을 신는 몸의 부분은?,ㄹ,ㄹ | ㅁ | ㅇ,걸을 때 사용해요.,,,,
1-2-09,1,2,batchim,솔,소,이를 닦는 칫__의 마지막 글자는?,ㄹ,ㄴ | ㄹ | ㅇ,칫솔이라고 해요.,,,,
1-2-10,1,2,batchim,실,시,바늘에 끼워 옷을 꿰맬 때 쓰는 것은?,ㄹ,ㄴ | ㄹ | ㅂ,가늘고 길어요.,,,,
1-3-01,1,3,batchim,밤,바,해가 지고 어두워진 때는?,ㅁ,ㄴ | ㄹ | ㅁ,낮의 반대예요.,,,,
1-3-02,1,3,batchim,곰,고,몸집이 크고 겨울잠을 자는 동물은?,ㅁ,ㄴ | ㅁ | ㅇ,꿀을 좋아하는 모습으로 자주 나와요.,,,,
1-3-03,1,3,batchim,감,가,가을에 먹는 주황색 과일은?,ㅁ,ㄴ | ㅁ | ㅇ,홍시가 되기도 해요.,,,,
1-3-04,1,3,batchim,봄,보,꽃이 피기 시작하는 계절은?,ㅁ,ㄹ | ㅁ | ㅇ,겨울 다음 계절이에요.,,,,
1-3-05,1,3,batchim,몸,모,"머리, 팔, 다리를 모두 합쳐 무엇이라 할까요?",ㅁ,ㄴ | ㅁ | ㅇ,우리의 신체 전체를 말해요.,,,,
1-3-06,1,3,batchim,힘,히,무거운 물건을 들 때 필요한 것은?,ㅁ,ㅁ | ㅂ | ㅇ,힘을 줘서 들어요.,,,,
1-3-07,1,3,batchim,섬,서,사방이 물로 둘러싸인 땅은?,ㅁ,ㄴ | ㅁ | ㅇ,제주도도 큰 섬이에요.,,,,
1-3-08,1,3,batchim,꿈,꾸,잠을 잘 때 꾸는 것은?,ㅁ,ㄴ | ㅁ | ㅇ,재미있는 장면이 떠오르기도 해요.,,,,
1-3-09,1,3,batchim,김,기,밥을 싸 먹는 얇고 까만 바다 음식은?,ㅁ,ㄴ | ㄹ | ㅁ,바다에서 얻어 말려요.,,,,
1-3-10,1,3,batchim,땀,따,운동하면 피부에 맺히는 물방울은?,ㅁ,ㅁ | ㅂ | ㅇ,몸이 더울 때 나요.,,,,
1-4-01,1,4,batchim,밥,바,식사할 때 먹는 것은?,ㅂ,ㅁ | ㅂ | ㅇ,쌀로 지어요.,,,,
1-4-02,1,4,batchim,집,지,가족과 함께 사는 곳은?,ㅂ,ㄱ | ㅂ | ㅇ,학교가 끝나면 돌아가요.,,,,
1-4-03,1,4,batchim,공,고,축구나 피구를 할 때 사용하는 것은?,ㅇ,ㄴ | ㅂ | ㅇ,둥글어요.,,,,
1-4-04,1,4,batchim,방,바,집 안에서 자거나 공부하는 공간은?,ㅇ,ㄴ | ㅁ | ㅇ,내 방이라고 말해요.,,,,
1-4-05,1,4,batchim,입,이,음식을 먹을 때 사용하는 몸의 부분은?,ㅂ,ㅂ | ㅁ | ㅇ,말할 때도 사용해요.,,,,
1-4-06,1,4,batchim,강,가,물이 길게 흐르는 곳은?,ㅇ,ㄴ | ㅁ | ㅇ,한강처럼 흐르는 물길이에요.,,,,
1-4-07,1,4,batchim,컵,커,물을 따라 마시는 그릇은?,ㅂ,ㅂ | ㅍ | ㅇ,손잡이가 있는 것도 있어요.,,,,
1-4-08,1,4,batchim,빵,빠,빵집에서 살 수 있는 음식은?,ㅇ,ㅁ | ㅂ | ㅇ,"식빵, 단팥빵이 있어요.",,,,
1-4-09,1,4,batchim,숲,수,나무가 아주 많이 모여 있는 곳은?,ㅍ,ㅂ | ㅍ | ㅇ,산에 많이 있어요.,,,,
1-4-10,1,4,batchim,콩,코,두부를 만들 때 쓰는 작은 알곡은?,ㅇ,ㄴ | ㅁ | ㅇ,콩밥에도 들어가요.,,,,
1-5-01,1,5,batchim,연필,연피,공책에 글씨를 쓸 때 깎아서 쓰는 도구는?,ㄹ,ㄴ | ㄹ | ㅁ | ㅂ,끝이 뾰족하고 지우개가 달려 있기도 해요.,,,,
1-5-02,1,5,batchim,풍선,풍서,공기를 넣으면 둥글게 부풀어 오르는 것은?,ㄴ,ㄴ | ㄹ | ㅁ | ㅇ,생일 파티 때 장식으로 달아요.,,,,
1-5-03,1,5,batchim,거울,거우,내 얼굴을 비춰 볼 수 있는 물건은?,ㄹ,ㄴ | ㄹ | ㅁ | ㅂ,보이는 모습이 나와 똑같이 움직여요.,,,,
1-5-04,1,5,batchim,구름,구르,하늘에 떠 있는 하얀 물방울 덩어리는?,ㅁ,ㄴ | ㄹ | ㅁ | ㅇ,모이면 비를 내리기도 해요.,,,,
1-5-05,1,5,batchim,동전,동저,지폐와 달리 금속으로 만든 돈은?,ㄴ,ㄴ | ㄹ | ㅁ | ㅇ,백 원짜리와 오백 원짜리가 있어요.,,,,
1-5-06,1,5,batchim,우물,우무,땅을 깊게 파서 물을 얻는 곳은?,ㄹ,ㄴ | ㄹ | ㅁ | ㅂ,옛날에는 두레박으로 물을 길었어요.,,,,
1-5-07,1,5,batchim,보름,보르,달이 둥글게 보이는 음력 열닷새를 무엇이라 할까요?,ㅁ,ㄴ | ㄹ | ㅁ | ㅇ,정월 대__이라는 이름도 있어요.,,,,
1-5-08,1,5,batchim,소금,소그,국이 싱거울 때 조금 넣는 짠 양념은?,ㅁ,ㄴ | ㄹ | ㅁ | ㅇ,하얀 알갱이 모양이에요.,,,,
1-5-09,1,5,batchim,바람,바라,공기가 움직여 나뭇가지를 흔드는 것은?,ㅁ,ㄴ | ㄹ | ㅁ | ㅇ,보이지 않지만 얼굴로 느낄 수 있어요.,,,,
1-5-10,1,5,batchim,웃음,웃으,재미있는 이야기를 들으면 얼굴에 번지는 것은?,ㅁ,ㄴ | ㄹ | ㅁ | ㅂ,입꼬리가 올라가고 하하 소리가 나요.,,,,
1-5-11,1,5,batchim,얼음,얼으,물이 차가워져 단단하게 굳은 것은?,ㅁ,ㄴ | ㄹ | ㅁ | ㅇ,더운 곳에 두면 다시 물이 돼요.,,,,
1-5-12,1,5,batchim,기름,기르,물을 넣지 않고 팬에 두르는 미끄러운 액체는?,ㅁ,ㄴ | ㄹ | ㅁ | ㅂ,튀김이나 볶음 요리에 써요.,,,,
2-1-01,2,1,word-choice,옷,,몸에 입는 것을 고르세요.,옷,옷 | 옺 | 옻,ㅅ 받침이에요.,,,,
2-1-02,2,1,word-choice,낮,,해가 떠 있는 밝은 시간을 고르세요.,낮,낫 | 낮 | 낯,낮과 밤을 생각해 보세요.,,,,
2-1-03,2,1,word-choice,맛,,음식의 느낌을 나타내는 말을 고르세요.,맛,맛 | 맞 | 맡,맛있다의 '맛'이에요.,,,,
2-1-04,2,1,word-choice,빗,,머리를 정리할 때 쓰는 물건은?,빗,빗 | 빛 | 빚,빗으로 머리를 빗어요.,,,,
2-1-05,2,1,word-choice,젖,,아기가 먹는 엄마의 젖을 고르세요.,젖,젓 | 젖 | 젗,ㅈ 받침이에요.,,,,
2-1-06,2,1,word-choice,곶,,바다 쪽으로 뾰족하게 나온 땅을 고르세요.,곶,곳 | 곶 | 곷,지리에서 배우는 말이에요.,,,,
2-1-07,2,1,word-choice,숯,,나무를 태워 만든 검은 연료는?,숯,숫 | 숯 | 숮,숯불구이에 쓰여요.,,,,
2-1-08,2,1,word-choice,낫,,풀을 베는 농기구를 고르세요.,낫,낫 | 낮 | 낯,낫으로 풀을 베어요.,,,,
2-1-09,2,1,word-choice,곳,,장소를 뜻하는 말을 고르세요.,곳,곳 | 곶 | 곷,좋은 곳이라고 말해요.,,,,
2-1-10,2,1,word-choice,빚,,남에게 갚아야 할 돈을 뜻하는 말을 고르세요.,빚,빗 | 빛 | 빚,빚을 갚다라고 해요.,,,,
2-2-01,2,2,word-choice,빛,,어둠을 밝히는 것을 고르세요.,빛,빗 | 빛 | 빚,"햇빛, 달빛이라고 해요.",,,,
2-2-02,2,2,word-choice,꽃,,봄에 피는 예쁜 것을 고르세요.,꽃,꼿 | 꽃 | 꼳,ㅊ 받침이에요.,,,,
2-2-03,2,2,word-choice,낯,,사람의 얼굴을 뜻하는 말을 고르세요.,낯,낫 | 낮 | 낯,낯이 익다라고 말해요.,,,,
2-2-04,2,2,word-choice,빚,,갚아야 할 돈을 고르세요.,빚,빗 | 빛 | 빚,ㅈ 받침이에요.,,,,
2-2-05,2,2,word-choice,꽃,,화분에 예쁜 __이 피었어요.,꽃,꽃 | 꼿 | 꼳,꽃이 피다.,,,,
2-2-06,2,2,word-choice,빛,,창문으로 햇__이 들어와요.,빛,빛 | 빗 | 빚,햇빛이라고 해요.,,,,
2-2-07,2,2,word-choice,낮,,__에는 해가 떠 있어요.,낮,낮 | 낫 | 낯,밤의 반대예요.,,,,
2-2-08,2,2,word-choice,낯,,처음 보는 사람이라 __이 설어요.,낯,낯 | 낮 | 낫,얼굴이나 익숙함과 관련된 말이에요.,,,,
2-2-09,2,2,word-choice,빚,,아빠가 __을 모두 갚았어요.,빚,빛 | 빗 | 빚,돈과 관련된 말이에요.,,,,
2-2-10,2,2,word-choice,꽃,,나비가 __ 위에 앉았어요.,꽃,꼿 | 꽃 | 꼳,향기가 나요.,,,,
2-3-01,2,3,word-choice,밭,,채소를 심는 땅을 고르세요.,밭,받 | 밧 | 밭,ㅌ 받침이에요.,,,,
2-3-02,2,3,word-choice,끝,,맨 마지막을 뜻하는 말을 고르세요.,끝,끋 | 끗 | 끝,끝나다의 '끝'이에요.,,,,
2-3-03,2,3,word-choice,솥,,밥이나 국을 끓이는 큰 그릇은?,솥,솟 | 솓 | 솥,ㅌ 받침이에요.,,,,
2-3-04,2,3,word-choice,곧,,조금 뒤에 바로라는 뜻의 말은?,곧,곳 | 곧 | 곹,곧 갈게라고 해요.,,,,
2-3-05,2,3,word-choice,묻,,땅에 씨를 __다. 알맞은 말을 고르세요.,묻,묻 | 뭇 | 뭍,묻다의 '묻'이에요.,,,,
2-3-06,2,3,word-choice,밭,,할머니가 __에 상추를 심었어요.,밭,밧 | 받 | 밭,농작물을 심는 곳이에요.,,,,
2-3-07,2,3,word-choice,끝,,책을 __까지 읽었어요.,끝,끝 | 끗 | 끋,맨 마지막이에요.,,,,
2-3-08,2,3,word-choice,곧,,나는 __ 집에 갈 거예요.,곧,곳 | 곧 | 곹,조금 뒤에 바로라는 뜻이에요.,,,,
2-3-09,2,3,word-choice,솥,,할머니가 큰 __에 국을 끓였어요.,솥,솟 | 솥 | 솓,냄비보다 큰 그릇이에요.,,,,
2-3-10,2,3,word-choice,밭,,감자는 __에서 자라요.,밭,받 | 밧 | 밭,채소를 기르는 땅이에요.,,,,
2-4-01,2,4,word-choice,앞,,뒤의 반대말을 고르세요.,앞,압 | 앞 | 앟,ㅍ 받침이에요.,,,,
2-4-02,2,4,word-choice,잎,,나무에 달린 초록색 부분은?,잎,입 | 잎 | 잇,나뭇잎이라고 해요.,,,,
2-4-03,2,4,word-choice,숲,,나무가 많이 모여 있는 곳은?,숲,숩 | 숲 | 숫,ㅍ 받침이에요.,,,,
2-4-04,2,4,word-choice,옆,,왼쪽이나 오른쪽 가까운 곳을 뜻하는 말은?,옆,엽 | 옆 | 옇,내 옆에 앉다.,,,,
2-4-05,2,4,word-choice,입,,음식을 먹는 몸의 부분은?,입,입 | 잎 | 잇,ㅂ 받침이에요.,,,,
2-4-06,2,4,word-choice,앞,,교실 __에 선생님이 계세요.,앞,앞 | 압 | 앗,뒤의 반대예요.,,,,
2-4-07,2,4,word-choice,잎,,가을이 되자 나뭇__이 떨어졌어요.,잎,입 | 잎 | 잇,나무에 달린 부분이에요.,,,,
2-4-08,2,4,word-choice,옆,,친구가 내 __에 앉았어요.,옆,엽 | 옆 | 엣,바로 가까운 쪽이에요.,,,,
2-4-09,2,4,word-choice,숲,,새들이 __에서 노래해요.,숲,숩 | 숲 | 숫,나무가 많아요.,,,,
2-4-10,2,4,word-choice,입,,밥을 먹기 전에 __을 크게 벌렸어요.,입,잎 | 입 | 잇,먹고 말하는 곳이에요.,,,,
2-5-01,2,5,word-choice,수,,접시에 담긴 사과의 __을 보니 모두 여섯 개예요.,수,수 | 숫 | 숯 | 숫자,몇 개인지를 나타내는 말이에요.,,,,
2-5-02,2,5,word-choice,살,,나이가 한 __ 늘어나 생일 케이크에 초를 더 꽂았어요.,살,삶 | 쌀 | 살이 | 살,나이를 세는 단위예요.,,,,
2-5-03,2,5,word-choice,먼지,,엄마는 청소기로 방 안의 __를 치웠어요.,먼지,먼찌 | 먼즈 | 먼지 | 먼치,작은 가루가 공중에 떠다니기도 해요.,,,,
2-5-04,2,5,word-choice,차,,차가운 물보다 따뜻한 __을 마시고 싶어요.,차,챠 | 차 | 자 | 짜,찻잎을 우려서 만들기도 해요.,,,,
2-5-05,2,5,word-choice,꿈,,잠을 자다가 재미있는 __을 꾸었어요.,꿈,꿈 | 꿍 | 굼 | 끔,잠자는 동안 보는 이야기를 생각해 보세요.,,,,
2-5-06,2,5,word-choice,얼굴,,문을 열자 반가운 친구의 __이 보였어요.,얼굴,얼굼 | 얼군 | 얼쿨 | 얼굴,눈과 코와 입이 있어요.,,,,
2-5-07,2,5,word-choice,벌,,꽃에 앉아 꿀을 모으는 작은 곤충은 __이에요.,벌,볼 | 불 | 벌 | 별,벌집을 만들고 윙윙 날아요.,,,,
2-5-08,2,5,word-choice,풀,,종이를 붙이려고 __을 발랐어요.,풀,폴 | 풀 | 불 | 뿔,딱풀도 있고 물풀도 있어요.,,,,
2-5-09,2,5,word-choice,떨,,목도리를 하고도 추워서 몸을 __었어요.,떨,떨 | 털 | 떫 | 덜,추우면 몸이 자꾸 움직여요.,,,,
2-5-10,2,5,word-choice,불,,신호등의 초록 __이 켜지면 건너요.,불,풀 | 뿔 | 볼 | 불,빨간색일 때는 멈춰야 해요.,,,,
2-5-11,2,5,word-choice,씻,,간식을 먹기 전에 손을 __어야 해요.,씻,씯 | 씼 | 씻 | 싯,물을 써서 깨끗하게 하는 행동이에요.,,,,
2-5-12,2,5,word-choice,했,,여럿이 힘을 합쳐 어려운 일을 __어요.,했,핬 | 했 | 햇 | 헸,하다의 지난 일을 나타내는 모양이에요.,,,,
3-1-01,3,1,sentence,낮,,__에는 해가 밝게 떠 있어요.,낮,낫 | 낮 | 낯,밤의 반대예요.,,,,
3-1-02,3,1,sentence,옷,,추워서 두꺼운 __을 입었어요.,옷,옷 | 옺 | 옻,몸에 입어요.,,,,
3-1-03,3,1,sentence,밭,,할아버지가 __에 고추를 심었어요.,밭,받 | 밧 | 밭,채소를 심는 곳이에요.,,,,
3-1-04,3,1,sentence,빛,,커튼을 열자 햇__이 방 안을 환하게 비췄어요.,빛,빗 | 빛 | 빚,밝게 비추는 것이에요.,,,,
3-1-05,3,1,sentence,앞,,학교 __에서 친구를 만났어요.,앞,압 | 앞 | 앗,건물의 앞쪽이에요.,,,,
3-1-06,3,1,sentence,꽃,,화단에 예쁜 __이 피었어요.,꽃,꼿 | 꽃 | 꼳,향기가 나요.,,,,
3-1-07,3,1,sentence,잎,,가을이 되자 나뭇__이 노랗게 변했어요.,잎,입 | 잎 | 잇,나무에 달려 있어요.,,,,
3-1-08,3,1,sentence,끝,,책을 처음부터 __까지 읽었어요.,끝,끋 | 끗 | 끝,맨 마지막이에요.,,,,
3-1-09,3,1,sentence,숲,,다람쥐가 __속을 뛰어다녀요.,숲,숩 | 숲 | 숫,나무가 아주 많아요.,,,,
3-1-10,3,1,sentence,곧,,수업이 __ 시작해요.,곧,곳 | 곧 | 곹,조금 뒤에 바로라는 뜻이에요.,,,,
3-2-01,3,2,sentence,공,,운동장에서 __을 던지며 놀았어요.,공,곰 | 공 | 곤,둥근 운동 도구예요.,,,,
3-2-02,3,2,sentence,문,,교실 __을 조용히 닫았어요.,문,문 | 물 | 뭄,출입할 때 여닫아요.,,,,
3-2-03,3,2,sentence,달,,밤하늘에 둥근 __이 떴어요.,달,단 | 달 | 담,보름에는 아주 둥글어요.,,,,
3-2-04,3,2,sentence,별,,밤하늘에 __이 반짝여요.,별,변 | 별 | 벼,작은 빛처럼 보여요.,,,,
3-2-05,3,2,sentence,밥,,아침 __을 맛있게 먹었어요.,밥,밤 | 밥 | 방,식사예요.,,,,
3-2-06,3,2,sentence,방,,내 __을 깨끗이 정리했어요.,방,반 | 밤 | 방,집 안의 공간이에요.,,,,
3-2-07,3,2,sentence,감,,가을에 달콤한 __을 먹었어요.,감,간 | 감 | 강,주황색 과일이에요.,,,,
3-2-08,3,2,sentence,물,,운동을 하고 시원한 __을 마셨어요.,물,문 | 물 | 뭄,목이 마를 때 마셔요.,,,,
3-2-09,3,2,sentence,집,,학교가 끝나고 __에 갔어요.,집,짐 | 집 | 징,가족과 사는 곳이에요.,,,,
3-2-10,3,2,sentence,봄,,__이 되면 꽃이 피어요.,봄,본 | 볼 | 봄,겨울 다음 계절이에요.,,,,
3-3-01,3,3,word-choice,낮,,아침부터 해가 지기 전까지의 시간을 __이라고 해요.,낮,낮 | 낫,시간을 뜻해요.,,,,
3-3-02,3,3,word-choice,낫,,농부가 __으로 풀을 베었어요.,낫,낮 | 낫,도구를 뜻해요.,,,,
3-3-03,3,3,word-choice,빛,,햇__이 따뜻해요.,빛,빛 | 빗,밝게 비추는 것이에요.,,,,
3-3-04,3,3,word-choice,빗,,__으로 머리를 정리했어요.,빗,빛 | 빗,머리카락을 빗어요.,,,,
3-3-05,3,3,word-choice,입,,밥을 먹으려고 __을 벌렸어요.,입,입 | 잎,몸의 부분이에요.,,,,
3-3-06,3,3,word-choice,잎,,나뭇__이 바람에 흔들려요.,잎,입 | 잎,나무의 부분이에요.,,,,
3-3-07,3,3,word-choice,곳,,여기는 조용한 __이에요.,곳,곳 | 곶,장소를 뜻해요.,,,,
3-3-08,3,3,word-choice,곶,,바다로 뾰족하게 나온 땅은 __이에요.,곶,곳 | 곶,지리에서 쓰는 말이에요.,,,,
3-3-09,3,3,word-choice,빚,,빌린 돈은 나중에 __을 갚아야 해요.,빚,빛 | 빚,돈과 관련된 말이에요.,,,,
3-3-10,3,3,word-choice,맛,,이 사탕은 딸기 __이 나요.,맛,맛 | 맞,음식의 느낌이에요.,,,,
3-4-01,3,4,fix-spelling,,,잘못된 말을 바르게 고르세요: 사과의 갑이 올랐어요.,값,갑 | 값 | 갓,물건의 가격을 뜻해요.,사과의 값이 올랐어요.,,,
3-4-02,3,4,fix-spelling,,,잘못된 말을 바르게 고르세요: 나는 책을 익고 있어요.,읽고,익고 | 읽고 | 일고,책을 보다의 뜻이에요.,나는 책을 읽고 있어요.,,,
3-4-03,3,4,fix-spelling,,,잘못된 말을 바르게 고르세요: 친구가 박에서 기다려요.,밖,박 | 밖 | 밬,안의 반대예요.,친구가 밖에서 기다려요.,,,
3-4-04,3,4,fix-spelling,,,잘못된 말을 바르게 고르세요: 화단에 꼿이 피었어요.,꽃,꼿 | 꽃 | 꼳,봄에 피어요.,화단에 꽃이 피었어요.,,,
3-4-05,3,4,fix-spelling,,,잘못된 말을 바르게 고르세요: 할머니가 받에 상추를 심었어요.,밭,받 | 밧 | 밭,채소를 심는 땅이에요.,할머니가 밭에 상추를 심었어요.,,,
3-4-06,3,4,fix-spelling,,,잘못된 말을 바르게 고르세요: 새 옺을 입었어요.,옷,옷 | 옺 | 옻,몸에 입어요.,새 옷을 입었어요.,,,
3-4-07,3,4,fix-spelling,,,잘못된 말을 바르게 고르세요: 낫에는 해가 떠 있어요.,낮,낫 | 낮 | 낯,시간을 뜻해요.,낮에는 해가 떠 있어요.,,,
3-4-08,3,4,fix-spelling,,,잘못된 말을 바르게 고르세요: 나뭇입이 떨어졌어요.,잎,입 | 잎 | 잇,나무의 부분이에요.,나뭇잎이 떨어졌어요.,,,
3-4-09,3,4,fix-spelling,,,잘못된 말을 바르게 고르세요: 학교 압에서 만나요.,앞,압 | 앞 | 앗,뒤의 반대예요.,학교 앞에서 만나요.,,,
3-4-10,3,4,fix-spelling,,,잘못된 말을 바르게 고르세요: 햇빗이 따뜻해요.,빛,빗 | 빛 | 빚,햇빛이라고 써요.,햇빛이 따뜻해요.,,,
3-5-01,3,5,sentence,비었다,,그릇에 담긴 밥을 모두 먹어서 그릇이 __.,비었다,비었다 | 비엇다 | 비였따 | 비엤다,아무것도 남아 있지 않은 상태예요.,,,,
3-5-02,3,5,sentence,열렸다,,버스가 멈추자 문이 활짝 __.,열렸다,열렷다 | 열녔다 | 여렸다 | 열렸다,닫힌 문이 반대로 움직였어요.,,,,
3-5-03,3,5,word-choice,박았다,,아빠가 의자를 고치려고 나사못을 __.,박았다,밝았다 | 박앗다 | 박았다 | 밖았다,망치나 도구로 단단히 넣는 행동이에요.,,,,
3-5-04,3,5,fix-spelling,,,틀린 글자를 지우개로 __ 뒤 다시 썼어요.,지운,지울 | 지운 | 지은 | 지움,이미 글자를 없앤 뒤의 일이에요.,,,,
3-5-05,3,5,word-choice,도착했다,,버스가 오기 전에 정류장에 __.,도착했다,도착했다 | 도찹했다 | 도착햇다 | 도착헤따,목적지에 이르는 행동이에요.,,,,
3-5-06,3,5,sentence,웃었다,,만화책이 재미있어서 혼자 크게 __.,웃었다,웄었다 | 웃엇다 | 우섰다 | 웃었다,재미있을 때 나는 행동이에요.,,,,
3-5-07,3,5,fix-spelling,,,바르게 고르세요: 바구니에 사과가 가득 담겻어요.,담겼어요,담켰어요 | 담겼어오 | 담겼어요 | 담겻어요,담기다의 지난 일을 나타내요.,,,,
3-5-08,3,5,word-choice,내다봤다,,아기 새가 둥지에서 밖을 __.,내다봤다,내다봡다 | 내다봤다 | 내다봣다 | 내다밨다,내다보다의 지난 일이에요.,,,,
3-5-09,3,5,sentence,마셨다,,체육 수업이 끝나고 물을 한 컵 __.,마셨다,마셨다 | 마셧다 | 마셨따 | 마샸다,마시다의 지난 일이에요.,,,,
3-5-10,3,5,fix-spelling,,,바르게 고르세요: 계단을 조심해서 올랏어요.,올랐어요,올랏어요 | 올랬어요 | 오랐어요 | 올랐어요,오르다의 과거형을 생각해요.,,,,
3-5-11,3,5,sentence,못했다,,비가 와서 밖에 나가지 __.,못했다,못햇다 | 못헸다 | 못했다 | 몯했다,할 수 없었다는 뜻이에요.,,,,
3-5-12,3,5,fix-spelling,,,바르게 고르세요: 친구와 함께 숨바꼭질을 하엿어요.,하였어요,하옇어요 | 하였어요 | 하엿어요 | 하였어오,하였다를 줄이면 했다가 됩니다.,,,,
4-1-01,4,1,word-choice,밖,,안의 반대말을 고르세요.,밖,박 | 밖 | 밬,ㄲ 받침이에요.,,,,
4-1-02,4,1,word-choice,있다,,책상 위에 연필이 __.,있다,잇다 | 있다 | 잊다,ㅆ 받침이에요.,,,,
4-1-03,4,1,word-choice,없다,,반대말이 '있다'인 말을 고르세요.,없다,업다 | 없다 | 업따,ㅄ 받침이 들어가요.,,,,
4-1-04,4,1,word-choice,갔다,,어제 학교에 __.,갔다,갓다 | 갔다 | 갇다,가다의 과거형이에요.,,,,
4-1-05,4,1,word-choice,왔다,,친구가 우리 집에 __.,왔다,왓다 | 왔다 | 왇다,오다의 과거형이에요.,,,,
4-1-06,4,1,sentence,밖,,비가 그쳐서 __에 나갔어요.,밖,박 | 밖 | 밬,안의 반대예요.,,,,
4-1-07,4,1,sentence,있다,,가방 안에 연필이 __.,있다,잇다 | 있다 | 잊다,무언가 존재할 때 써요.,,,,
4-1-08,4,1,fix-spelling,,,바르게 고르세요: 박에서 공을 차요.,밖,박 | 밖 | 밬,집 안이 아니에요.,밖에서 공을 차요.,,,
4-1-09,4,1,fix-spelling,,,바르게 고르세요: 책이 책상 위에 잇다.,있다,잇다 | 있다 | 잊다,ㅆ 받침이에요.,책이 책상 위에 있다.,,,
4-1-10,4,1,word-choice,없다,,지우개가 하나도 __.,없다,업다 | 없다 | 업따,있다의 반대말이에요.,,,,
4-2-01,4,2,word-choice,닭,,꼬끼오 하고 우는 동물을 고르세요.,닭,닥 | 닭 | 달,ㄺ 받침이에요.,,,,
4-2-02,4,2,word-choice,읽다,,책을 __. 알맞은 말을 고르세요.,읽다,익다 | 읽다 | 일다,글자를 보고 뜻을 알아요.,,,,
4-2-03,4,2,word-choice,맑다,,하늘에 구름이 적고 깨끗한 상태를 고르세요.,맑다,막다 | 맑다 | 말다,ㄺ 받침이에요.,,,,
4-2-04,4,2,word-choice,밝다,,어둡다의 반대말을 고르세요.,밝다,박다 | 밝다 | 발다,빛이 환한 상태예요.,,,,
4-2-05,4,2,sentence,닭,,__이 알을 낳았어요.,닭,닥 | 닭 | 달,농장에서 볼 수 있어요.,,,,
4-2-06,4,2,sentence,읽다,,나는 매일 책을 __.,읽다,익다 | 읽다 | 일다,책을 보는 행동이에요.,,,,
4-2-07,4,2,sentence,맑다,,오늘 하늘이 아주 __.,맑다,막다 | 맑다 | 말다,구름이 적어요.,,,,
4-2-08,4,2,sentence,밝다,,교실에 불을 켜니 아주 __.,밝다,박다 | 밝다 | 발다,어둡다의 반대예요.,,,,
4-2-09,4,2,fix-spelling,,,바르게 고르세요: 책을 익고 있어요.,읽고,익고 | 읽고 | 일고,ㄺ 받침이에요.,책을 읽고 있어요.,,,
4-2-10,4,2,fix-spelling,,,바르게 고르세요: 오늘은 막은 하늘이에요.,맑은,막은 | 맑은 | 말은,깨끗한 하늘을 뜻해요.,오늘은 맑은 하늘이에요.,,,
4-3-01,4,3,word-choice,삶,,사람이 살아가는 일을 뜻하는 말을 고르세요.,삶,삼 | 삶 | 살,ㄻ 받침이에요.,,,,
4-3-02,4,3,word-choice,젊다,,나이가 많지 않다는 뜻의 말을 고르세요.,젊다,점다 | 젊다 | 절다,ㄻ 받침이에요.,,,,
4-3-03,4,3,word-choice,넓다,,좁다의 반대말을 고르세요.,넓다,넙다 | 넓다 | 널다,ㄼ 받침이에요.,,,,
4-3-04,4,3,word-choice,짧다,,길다의 반대말을 고르세요.,짧다,짭다 | 짧다 | 짤다,ㄼ 받침이에요.,,,,
4-3-05,4,3,sentence,넓다,,운동장이 아주 __.,넓다,넙다 | 넓다 | 널다,공간이 커요.,,,,
4-3-06,4,3,sentence,짧다,,이 연필은 너무 __.,짧다,짭다 | 짧다 | 짤다,길다의 반대예요.,,,,
4-3-07,4,3,sentence,젊다,,우리 삼촌은 아직 __.,젊다,점다 | 젊다 | 절다,나이가 많지 않아요.,,,,
4-3-08,4,3,fix-spelling,,,바르게 고르세요: 너븐 운동장에서 뛰어요.,넓은,너븐 | 넓은 | 널은,좁은의 반대예요.,넓은 운동장에서 뛰어요.,,,
4-3-09,4,3,fix-spelling,,,바르게 고르세요: 짜븐 끈을 골랐어요.,짧은,짜븐 | 짧은 | 짤은,길지 않다는 뜻이에요.,짧은 끈을 골랐어요.,,,
4-3-10,4,3,word-choice,삶,,건강한 __을 위해 운동해요.,삶,삼 | 삶 | 살,살아가는 생활을 뜻해요.,,,,
4-4-01,4,4,word-choice,값,,물건의 가격을 뜻하는 말을 고르세요.,값,갑 | 값 | 갓,ㅄ 받침이에요.,,,,
4-4-02,4,4,word-choice,몫,,여럿이 나눌 때 자기에게 돌아오는 부분은?,몫,목 | 몫 | 못,ㄳ 받침이에요.,,,,
4-4-03,4,4,word-choice,싫다,,좋다의 반대 느낌을 나타내는 말을 고르세요.,싫다,실다 | 싫다 | 싯다,ㅀ 받침이에요.,,,,
4-4-04,4,4,word-choice,없다,,있다의 반대말은?,없다,업다 | 없다 | 업따,ㅄ 받침이에요.,,,,
4-4-05,4,4,sentence,값,,이 장난감의 __은 만 원이에요.,값,갑 | 값 | 갓,가격을 뜻해요.,,,,
4-4-06,4,4,sentence,몫,,케이크를 똑같이 나누어 내 __을 받았어요.,몫,목 | 몫 | 못,내가 받을 부분이에요.,,,,
4-4-07,4,4,sentence,싫다,,나는 거짓말이 __.,싫다,실다 | 싫다 | 싯다,좋아하지 않는다는 뜻이에요.,,,,
4-4-08,4,4,fix-spelling,,,바르게 고르세요: 연필의 갑이 올랐어요.,값,갑 | 값 | 갓,가격을 뜻해요.,연필의 값이 올랐어요.,,,
4-4-09,4,4,fix-spelling,,,바르게 고르세요: 각자 자기 목을 가져가세요.,몫,목 | 몫 | 못,나누어 받은 부분이에요.,각자 자기 몫을 가져가세요.,,,
4-4-10,4,4,fix-spelling,,,바르게 고르세요: 저는 거짓말이 실어요.,싫어요,실어요 | 싫어요 | 싯어요,좋아하지 않는다는 뜻이에요.,저는 거짓말이 싫어요.,,,
4-5-01,4,5,word-choice,밝은,,친구는 늘 __ 표정으로 인사해요.,밝은,밝은 | 발근 | 박은 | 밝는,밝다의 ㄺ 받침을 유지해요.,,,,
4-5-02,4,5,word-choice,맑은,,오늘은 __ 하늘 아래에서 운동회를 해요.,맑은,말근 | 막은 | 맑는 | 맑은,맑다의 ㄺ 받침을 유지해요.,,,,
4-5-03,4,5,word-choice,짧은,,키가 자라서 작년 바지가 __ 바지가 되었어요.,짧은,짭은 | 짤은 | 짧은 | 짤븐,짧다의 ㄼ 받침을 유지해요.,,,,
4-5-04,4,5,word-choice,넓은,,이사 간 집에는 __ 거실이 있어요.,넓은,넓는 | 넓은 | 널븐 | 넙은,넓다의 ㄼ 받침을 유지해요.,,,,
4-5-05,4,5,word-choice,읽으면,,책을 많이 __ 새로운 지식을 얻어요.,읽으면,읽으면 | 일그면 | 익으면 | 일으면,글을 보는 행동은 읽다예요.,,,,
4-5-06,4,5,word-choice,앉아,,의자에 __ 발을 쉬게 했어요.,앉아,안자 | 않아 | 앉어 | 앉아,앉다의 ㄵ 받침을 유지해요.,,,,
4-5-07,4,5,word-choice,닮은,,동생과 나는 생김새가 서로 __ 사이예요.,닮은,담은 | 닮는 | 닮은 | 달믄,모습이 비슷한 것은 닮다예요.,,,,
4-5-08,4,5,sentence,없어서,,새 공책이 __ 아직 쓰던 공책을 써요.,없어서,업써서 | 없어서 | 업어서 | 없아써,없다의 ㅄ 받침을 유지해요.,,,,
4-5-09,4,5,fix-spelling,,,바르게 고르세요: 네 생각이 올타고 느꼈어요.,옳다고,옳다고 | 올타고 | 옳타고 | 옳따고,옳다의 ㄹㅎ 받침을 유지해요.,,,,
4-5-10,4,5,fix-spelling,,,바르게 고르세요: 사람이 마는 곳에서는 조심해요.,많은,마는 | 만은 | 많는 | 많은,많다의 ㄶ 받침을 유지해요.,,,,
4-5-11,4,5,word-choice,싫어서,,동생은 쓴맛이 __ 약을 먹기 어려워해요.,싫어서,싫아써 | 시러서 | 싫어서 | 실어서,싫다의 ㅀ 받침을 유지해요.,,,,
4-5-12,4,5,word-choice,삶은,,엄마가 뜨거운 물에 __ 달걀을 꺼냈어요.,삶은,삶는 | 삶은 | 살믄 | 삼은,끓는 물에 익히는 것은 삶다예요.,,,,
4-5-13,4,5,sentence,값을,,물건을 산 뒤 계산대에서 __ 냈어요.,값을,값을 | 갑슬 | 갓을 | 가슬,값의 ㅄ 받침을 유지해요.,,,,
4-5-14,4,5,sentence,핥다,,강아지가 혀로 손을 살짝 만지는 행동은 __예요.,핥다,할다 | 핧다 | 핥따 | 핥다,혀로 문지르는 말은 핥다예요.,,,,
4-5-15,4,5,fix-spelling,,,바르게 고르세요: 외운 시를 읍으며 걸었어요.,읊으며,을프며 | 읊으머 | 읊으며 | 읍으며,시를 소리 내어 읽는 것은 읊다예요.,,,,
5-1-01,5,1,image,산,사,그림을 보고 단어를 완성하세요.,ㄴ,ㄱ | ㄴ | ㄹ,등산을 가요.,,산 그림,,
5-1-02,5,1,image,달,다,그림을 보고 단어를 완성하세요.,ㄹ,ㄴ | ㄹ | ㅁ,밤하늘에 떠 있어요.,,달 그림,,
5-1-03,5,1,image,꽃,꼬,그림을 보고 단어를 완성하세요.,ㅊ,ㅅ | ㅈ | ㅊ,향기가 나요.,,꽃 그림,,
5-1-04,5,1,image,밭,바,그림을 보고 단어를 완성하세요.,ㅌ,ㄷ | ㅅ | ㅌ,채소를 심어요.,,밭 그림,,
5-1-05,5,1,image,잎,이,그림을 보고 단어를 완성하세요.,ㅍ,ㅂ | ㅍ | ㅅ,나무에 달려 있어요.,,나뭇잎 그림,,
5-1-06,5,1,image,닭,다,그림을 보고 단어를 완성하세요.,ㄺ,ㄱ | ㄺ | ㄻ,꼬끼오 하고 울어요.,,닭 그림,,
5-1-07,5,1,image,공,고,그림을 보고 단어를 완성하세요.,ㅇ,ㄴ | ㅁ | ㅇ,축구할 때 차요.,,공 그림,,
5-1-08,5,1,image,숲,수,그림을 보고 단어를 완성하세요.,ㅍ,ㅂ | ㅍ | ㅅ,나무가 아주 많아요.,,숲 그림,,
5-1-09,5,1,image,별,벼,그림을 보고 단어를 완성하세요.,ㄹ,ㄴ | ㄹ | ㅁ,밤하늘에서 반짝여요.,,별 그림,,
5-1-10,5,1,image,값,가,그림과 가격표를 보고 단어를 완성하세요.,ㅄ,ㅂ | ㅄ | ㅅ,물건의 가격을 뜻해요.,,가격표 그림,,
5-2-01,5,2,sentence,밭,바,꽃이 바_에 피었어요.,ㅌ,ㄷ | ㅅ | ㅈ | ㅊ | ㅌ,채소나 꽃을 심는 땅이에요.,,,,
5-2-02,5,2,sentence,낮,나,나_에는 해가 떠 있어요.,ㅈ,ㅅ | ㅈ | ㅊ | ㄷ,밤의 반대예요.,,,,
5-2-03,5,2,sentence,옷,오,추워서 두꺼운 오_을 입었어요.,ㅅ,ㅅ | ㅈ | ㅊ | ㄷ,몸에 입어요.,,,,
5-2-04,5,2,sentence,앞,아,학교 아_에서 친구를 만났어요.,ㅍ,ㅂ | ㅍ | ㅁ | ㅎ,뒤의 반대예요.,,,,
5-2-05,5,2,sentence,빛,비,햇비_이 따뜻해요.,ㅊ,ㅅ | ㅈ | ㅊ | ㄷ,밝게 비추는 것이에요.,,,,
5-2-06,5,2,sentence,꽃,꼬,화단에 예쁜 꼬_이 피었어요.,ㅊ,ㅅ | ㅈ | ㅊ | ㄷ,봄에 많이 보여요.,,,,
5-2-07,5,2,sentence,닭,다,다_이 마당을 걸어다녀요.,ㄺ,ㄱ | ㄺ | ㄻ | ㄼ,꼬끼오 하고 울어요.,,,,
5-2-08,5,2,sentence,값,가,장난감의 가_이 비싸요.,ㅄ,ㅂ | ㅄ | ㄳ | ㅅ,가격을 뜻해요.,,,,
5-2-09,5,2,sentence,넓다,너,운동장이 아주 너_다.,ㄼ,ㅂ | ㄼ | ㄺ | ㄻ,좁다의 반대예요.,,,,
5-2-10,5,2,sentence,싫다,시,나는 거짓말이 시_다.,ㅀ,ㅎ | ㅀ | ㄾ | ㄿ,좋아하지 않는다는 뜻이에요.,,,,
5-3-01,5,3,audio,,,들은 문장에 나온 단어를 고르세요.,닭,달 | 닭 | 닥,꼬끼오 하고 우는 동물이에요.,,,/audio/5-3-01.mp3,닭이 마당을 걸어 다녀요.
5-3-02,5,3,audio,,,들은 문장에 나온 단어를 고르세요.,꽃,꼿 | 꽃 | 꼳,향기가 나요.,,,/audio/5-3-02.mp3,꽃이 활짝 피었어요.
5-3-03,5,3,audio,,,들은 문장에 나온 단어를 고르세요.,값,갑 | 값 | 갓,가격을 뜻해요.,,,/audio/5-3-03.mp3,물건의 값이 비싸요.
5-3-04,5,3,audio,,,들은 문장에 나온 단어를 고르세요.,밭,밧 | 밭 | 받,농작물을 심는 곳이에요.,,,/audio/5-3-04.mp3,밭에 감자를 심었어요.
5-3-05,5,3,audio,,,들은 문장에서 바른 말을 고르세요.,읽고,익고 | 읽고 | 일고,책을 보는 행동이에요.,,,/audio/5-3-05.mp3,책을 읽고 있어요.
5-3-06,5,3,audio,,,들은 문장에 나온 단어를 고르세요.,밖,박 | 밖 | 밬,안의 반대예요.,,,/audio/5-3-06.mp3,밖에서 친구가 기다리고 있어요.
5-3-07,5,3,audio,,,들은 문장에서 바른 말을 고르세요.,맑아요,막아요 | 맑아요 | 말아요,구름이 적고 깨끗한 상태예요.,,,/audio/5-3-07.mp3,오늘은 하늘이 맑아요.
5-3-08,5,3,audio,,,들은 문장에 나온 단어를 고르세요.,공,곰 | 공 | 곤,둥근 놀이 도구예요.,,,/audio/5-3-08.mp3,강아지가 공을 가지고 놀아요.
5-3-09,5,3,audio,,,들은 문장에서 바른 말을 고르세요.,싫어요,실어요 | 싫어요 | 싯어요,좋아하지 않는다는 뜻이에요.,,,/audio/5-3-09.mp3,나는 거짓말이 싫어요.
5-3-10,5,3,audio,,,들은 문장에 나온 단어를 고르세요.,몫,목 | 몫 | 못,나누어 받은 자기 부분이에요.,,,/audio/5-3-10.mp3,각자 자기 몫을 가져가세요.
5-4-01,5,4,fix-spelling,,,물건의 갑이 너무 비싸요. 바른 말을 고르세요.,값,갑 | 값 | 갓,가격을 뜻해요.,물건의 값이 너무 비싸요.,,,
5-4-02,5,4,fix-spelling,,,나는 책을 익고 있어요. 바른 말을 고르세요.,읽고,익고 | 읽고 | 일고,책을 보는 행동이에요.,나는 책을 읽고 있어요.,,,
5-4-03,5,4,fix-spelling,,,꽃이 밧에 피었어요. 바른 말을 고르세요.,밭에,밧에 | 밭에 | 받에,농작물을 심는 땅이에요.,꽃이 밭에 피었어요.,,,
5-4-04,5,4,fix-spelling,,,친구가 박에서 기다려요. 바른 말을 고르세요.,밖에서,박에서 | 밖에서 | 밬에서,안의 반대예요.,친구가 밖에서 기다려요.,,,
5-4-05,5,4,fix-spelling,,,각자 자기 목을 가져가세요. 바른 말을 고르세요.,몫,목 | 몫 | 못,나누어 받은 자기 부분이에요.,각자 자기 몫을 가져가세요.,,,
5-4-06,5,4,fix-spelling,,,새 옺을 입었어요. 바른 말을 고르세요.,옷,옷 | 옺 | 옻,몸에 입어요.,새 옷을 입었어요.,,,
5-4-07,5,4,fix-spelling,,,낫에는 해가 떠 있어요. 바른 말을 고르세요.,낮,낫 | 낮 | 낯,밤의 반대예요.,낮에는 해가 떠 있어요.,,,
5-4-08,5,4,fix-spelling,,,나뭇입이 떨어졌어요. 바른 말을 고르세요.,잎,입 | 잎 | 잇,나무의 부분이에요.,나뭇잎이 떨어졌어요.,,,
5-4-09,5,4,fix-spelling,,,햇빗이 따뜻해요. 바른 말을 고르세요.,빛,빗 | 빛 | 빚,밝게 비추는 것이에요.,햇빛이 따뜻해요.,,,
5-4-10,5,4,fix-spelling,,,너븐 운동장에서 놀았어요. 바른 말을 고르세요.,넓은,너븐 | 넓은 | 널은,좁은의 반대예요.,넓은 운동장에서 놀았어요.,,,
5-5-01,5,5,image,꽃,꼬,벌과 나비가 꿀을 찾아오는 그림 속 식물을 완성하세요.,ㅊ,ㅅ | ㅈ | ㅊ | ㄷ,향기가 나요.,,꽃 그림,,
5-5-02,5,5,sentence,밭,바,감자를 바_에 심었어요.,ㅌ,ㄷ | ㅅ | ㅈ | ㅌ,농작물을 기르는 땅이에요.,,,,
5-5-03,5,5,audio,,,들은 문장에서 바른 말을 고르세요.,읽고,익고 | 읽고 | 일고,책을 보는 행동이에요.,,,/audio/5-5-03.mp3,책을 읽고 있어요.
5-5-04,5,5,fix-spelling,,,박에 비가 와요. 바른 말을 고르세요.,밖,박 | 밖 | 밬,안의 반대예요.,밖에 비가 와요.,,,
5-5-05,5,5,word-choice,낮,,"해가 떠 있을 때는 낮이고, 해가 진 뒤는 밤이에요. 두 때 중 밝은 시간을 고르세요.",낮,낫 | 낮 | 낯 | 낱,밤의 반대예요.,,,,
5-5-06,5,5,sentence,값,가,이 장난감의 가_은 오천 원이에요.,ㅄ,ㅂ | ㅄ | ㄳ | ㅅ,가격을 뜻해요.,,,,
5-5-07,5,5,audio,,,들은 문장에서 바른 말을 고르세요.,맑아요,막아요 | 맑아요 | 말아요,구름이 적고 깨끗한 상태예요.,,,/audio/5-5-07.mp3,오늘은 하늘이 맑아요.
5-5-08,5,5,fix-spelling,,,나뭇입이 바람에 흔들려요. 바른 말을 고르세요.,잎,입 | 잎 | 잇,나무의 부분이에요.,나뭇잎이 바람에 흔들려요.,,,
5-5-09,5,5,word-choice,싫다,,좋아하지 않는다는 뜻의 말을 고르세요.,싫다,실다 | 싫다 | 싯다 | 실타,ㅀ 받침이에요.,,,,
5-5-10,5,5,sentence,넓다,너,친구들과 함께 뛰어놀 수 있게 운동장을 너_게 만들었어요.,ㄼ,ㅂ | ㄼ | ㄺ | ㄻ,좁다의 반대예요.,,,,
5-5-11,5,5,image,닭,다,병아리가 자라서 된 그림 속 동물의 이름을 완성하세요.,ㄺ,ㄱ | ㄺ | ㄻ | ㄼ,꼬끼오 하고 울어요.,,닭 그림,,
5-5-12,5,5,sentence,빛,비,햇비_이 창문으로 들어와요.,ㅊ,ㅅ | ㅈ | ㅊ | ㄷ,밝게 비추는 것이에요.,,,,
5-5-13,5,5,audio,,,들은 문장에 나온 단어를 고르세요.,값,갑 | 값 | 갓,가격을 뜻해요.,,,/audio/5-5-13.mp3,물건의 값이 비싸요.
5-5-14,5,5,fix-spelling,,,화단에 꼿이 피었어요. 바른 말을 고르세요.,꽃,꼿 | 꽃 | 꼳,봄에 많이 볼 수 있어요.,화단에 꽃이 피었어요.,,,
5-5-15,5,5,audio,,,들은 문장에서 바른 말을 고르세요.,싫어요,실어요 | 싫어요 | 싯어요,좋아하지 않는다는 뜻이에요.,,,/audio/5-5-15.mp3,나는 거짓말이 싫어요.
